sennii,"2,783",0
Tarvoxx,"14,892",0
elmolol,0,0
bobbydoll,"10,087",0
chaewonfa..,"13,462",100
Cijae,0,0
10EE,0,0
Lewbs,0,0
PopeOfCap,"17,056",0
ApatheticKoi,"11,954",800
RageQuilt,"10,065",0
Exit,0,0
Sebitaa,"1,244",0
Nanndesa,"21,585",0
Armed,"9,406",0
LIKE2EATD..,"9,062",100
DeathWalk..,"5,703",0
Numan1,22.673,0
tintshad,22177,0
Karawii,0,0
Moulinet,0,0
SmokethtY..,"10,098",0
KhaliPixels,41,0
ChindlerBi..,7.07%,0
Ceefur,"9,507",0
ZazaBoss,"10,233",0
Brunellos,"5,633",0
NeerZero,598,100
Myusician,521,0
JIGGYKING,0,0
PokkiFinder,"8,653",0
ItsShadow..,803,0
Shumai,"14,042",0
Grrunde,"1,774",0
AstroGlyde,0,0
AshiYucks,0,0
dwench,"2,646",0
Haruka,"8,174",100
NaitaHoshi,0,0
Onion,0,0
DerpyMartyy,"2,980",450
Wazzo,"1,377",200
Jyngg,0,0
alkaBishop,0,0
Limerent,"2,238",0
Fantastiska,4.326,0
simn2023,"3,089",0
SerazSeki,"2,754",0
Opinip,"2,095",0
PMHNP,8915,0
Wochuni,33,100
totoh,"6,713",0
sOmnus,"3,856",0
Cryd,"5,087","1,000"
aestee,"15,867",0
terhniuhngfd,0,0
Ailicex,"10,998",0
Friagram,22.211,0
Soapie,"1,155",200
twohandguy,"3,512",0
Senshura,"5,652",550
Snion,"14,001",0
ushimu,"2,060",0
jimmy,0,0
Rykain,0,0
Scarbishop..,"8,420","1,000"
Shikiyuki,"2,897",1
Timetostroll,"1,491",0
vHimawari,2.247,100
lyuzeh,0,0
Barduos,"6,016",0
Jamieday,"6,970",550
Erubee,"8,207",0
omowaocat,696,350
Manduice,"17,406",0
Gybsy,"3,734",650
Spams,"14,148",0
Arbal,"10,254",0
magayoung,"2,049",0
GawwyBawy,"8,164",0
yochiv,4474,250
derrat,"17,464",0
XiaoJaywwhy,"6,311",0
Nihiego,"8,071",100
Tuwi,0,0
Sn2iL,"10,087",0
kyarucat?,"25,365",0
washed,0,0
hazakira,"5,360",0
HeroicF,"3,234",1
GlueSnhoner,"2,491",0
Respiteb9,"1,603",0
HopHopHo..,"9,315",0
Wiev,"15,947",0
kwanieFP,"2,074",0
Semony,"3,902",0
Kleaveage,7.591,0
marksman...,1.827,0
Ikirou,"13,889",0
Filletmint,239,0
lilbro69,"22,076","1,000"
Pacquiao,"7,230",250
Philliper,"10,354",0
yorumiku,"10,520",0
BonsaiBean,"2,205",0
isAwiul,22.554,0
Thistle,"5,180",100
Clawdulent,287,0
Alcryst,"11,746",0
DinkleBear,0,0
Swub,0,0
sushibeo,"8,903",0
Graxter,"6,801",0
CreamLight,28.296,0
HeroCTC,0,0
mNepo,1.798,0
Daniro,0,0
Sayuru,1.638,0
perc30ator,555,0
Bleibruhig,"13,017",100
Beni,0,0
Bishcuits,7.667,400
Menorio,0,0
Naaathaniel,"7,383",0
Yunleng,"3,571",100
iHEROIl,"5,390",1
XerecaFidi..,"4,807",0
SCrajj,0,0
Pestelle,9.867,0
yjon,0,0
NycDawn,"5,455",0
Mushroomu,"7,718",100
loiNico,"16,778",0
Swro,130,100
CalcifÃƒÂ©er,9.013,100
BrazenBullet,20,100
Serimos,174,0
yuhjin,670,0
ISunnie,"9,797",0
Aistra,0,0
DemonxNe..,849,0
Disable,0,0
Seibell,"18,098",1
Nibsu,"1,438","1,000"
Attractions,"9,770",0
Wiene,0,0
Nibasu,"33,572","1,000"
YaeDMiko,"9,651",100
momofanb4,0,0
Skylord,18,0
DingleBear,0,0
bricklover,300,100
Oxba,0,0
mikaMage,7.230,0
Soyani,"23,388",0
Arloh,"3,288",0
Tequena,396,0
Barneyyy,"17,431",0
AngelicKats,987,0
addplayer,0,0
mabhitoe,"1,670",0
Junoby,"3,046",100
WENGYY,"14,526",0
Bonkees,"5,229",0
Cabenah,32172,0
dongdongh..,"12,410",0
Jawz,9710,0
Outliers,"2,826",0
Sroud,"31,553",0
Lighdra,"16,091",0
NLKR,0,0
Nyawr,"1,317",550
IceSlushyG.,0,0
Xanxious,"3,889",0
walnut11,"15,991",0
Clownee,0,0
Mystez,323,100
RisÃƒÂ©nSaku..,"6,180",0
EnzoNW,"10,017",0
BlazingAsh,21.545,100
Walman,"9,795",0
Beef4,b2,0
chrisya,"12,218",0
Dragonmyn,0,0
Sojuism,0,0
exVideos,0,0
Roaness,0,0
Goofiya,"35,107",0
Throwbli,"7,658",0
Zadnoct,"11,690",0
